Count,Name
1,Thunderbreak Regent
1,Sapphire Dragon // Psionic Pulse
1,Utvara Hellkite
1,Traverse the Outlands
1,Neoform
1,Dragonspeaker Shaman
1,Glorybringer
1,"Kura, the Boundless Sky"
1,Verix Bladewing
1,Dragonlord's Servant
1,Juvenile Mist Dragon
1,Lapis Orb of Dragonkind
1,Mirror Box
1,Silvanus's Invoker
1,Scaled Nurturer
1,"Purphoros, Bronze-Blooded"
1,Arcane Signet
1,Dragon Mage
1,"Ganax, Astral Hunter"
1,"Ryusei, the Falling Star"
1,Hellkite Charger
1,Sky Diamond
1,Moonveil Regent
1,Wand of Wonder
1,Reflections of Littjara
1,Strionic Resonator
1,Savage Ventmaw
1,Moss Diamond
1,Thrakkus the Butcher
1,Goblin Anarchomancer
1,Gruul Signet
1,"Korlessa, Scale Singer"
1,"Lozhan, Dragons' Legacy"
1,Stormbreath Dragon
1,Panharmonicon
1,Carnelian Orb of Dragonkind
1,Ancient Silver Dragon
1,Sunbird's Invocation
1,Sarkhan's Triumph
1,Bhaal's Invoker
1,Nature's Lore
1,Draconic Muralists
1,Rattleclaw Mystic
1,Dragonborn Looter
1,Sailors' Bane
1,Sarkhan the Masterless
1,Fire Diamond
1,"Drakuseth, Maw of Flames"
1,"Renari, Merchant of Marvels"
1,Reckless Barbarian
1,Draconic Lore
1,Kindred Discovery
1,Scourge of Valkas
1,Mirror of Life Trapping
1,Acolyte of Bahamut
1,Dragonlord Atarka
1,Stirring Bard
1,Ancient Copper Dragon
1,Dragon Tempest
1,Journey to the Lost City
1,Skanos Dragonheart
1,Jade Orb of Dragonkind
1,Orb of Dragonkind
1,Skyline Despot
1,Icefall Regent
1,"Miirym, Sentinel Wyrm"
